,0
0,expl0000_DV.dss
1,expl0001_DV.dss
2,expl0002_DV.dss
3,expl0003_DV.dss
4,expl0004_DV.dss
5,expl0005_DV.dss
6,expl0006_DV.dss
7,expl0007_DV.dss
8,expl0008_DV.dss
9,expl0009_DV.dss
10,expl0010_DV.dss
11,expl0011_DV.dss
12,expl0012_DV.dss
13,expl0013_DV.dss
14,expl0014_DV.dss
15,expl0015_DV.dss
16,expl0016_DV.dss
17,expl0017_DV.dss
18,expl0018_DV.dss
19,expl0019_DV.dss
20,expl0020_DV.dss
21,expl0021_DV.dss
22,expl0022_DV.dss
23,expl0023_DV.dss
24,expl0024_DV.dss
25,expl0025_DV.dss
26,expl0026_DV.dss
27,expl0027_DV.dss
28,expl0028_DV.dss
29,expl0029_DV.dss
30,expl0030_DV.dss
31,expl0031_DV.dss
32,expl0032_DV.dss
33,expl0033_DV.dss
34,expl0034_DV.dss
35,expl0035_DV.dss
36,expl0036_DV.dss
37,expl0037_DV.dss
38,expl0038_DV.dss
39,expl0039_DV.dss
40,expl0040_DV.dss
41,expl0041_DV.dss
42,expl0042_DV.dss
43,expl0043_DV.dss
44,expl0044_DV.dss
45,expl0045_DV.dss
46,expl0046_DV.dss
47,expl0047_DV.dss
48,expl0048_DV.dss
49,expl0049_DV.dss
50,expl0050_DV.dss
51,expl0051_DV.dss
52,expl0052_DV.dss
53,expl0053_DV.dss
54,expl0054_DV.dss
55,expl0055_DV.dss
56,expl0056_DV.dss
57,expl0057_DV.dss
58,expl0058_DV.dss
59,expl0059_DV.dss
60,expl0060_DV.dss
61,expl0061_DV.dss
62,expl0062_DV.dss
63,expl0063_DV.dss
64,expl0064_DV.dss
65,expl0065_DV.dss
66,expl0066_DV.dss
67,expl0067_DV.dss
68,expl0068_DV.dss
69,expl0069_DV.dss
70,expl0070_DV.dss
71,expl0071_DV.dss
72,expl0072_DV.dss
73,expl0073_DV.dss
74,expl0074_DV.dss
75,expl0075_DV.dss
76,expl0076_DV.dss
77,expl0077_DV.dss
78,expl0078_DV.dss
79,expl0079_DV.dss
80,expl0080_DV.dss
81,expl0081_DV.dss
82,expl0082_DV.dss
83,expl0083_DV.dss
84,expl0084_DV.dss
85,expl0085_DV.dss
86,expl0086_DV.dss
87,expl0087_DV.dss
88,expl0088_DV.dss
89,expl0089_DV.dss
90,expl0090_DV.dss
91,expl0091_DV.dss
92,expl0092_DV.dss
93,expl0093_DV.dss
94,expl0094_DV.dss
95,expl0095_DV.dss
96,expl0096_DV.dss
97,expl0097_DV.dss
98,expl0098_DV.dss
99,expl0099_DV.dss
100,expl0100_DV.dss
101,expl0101_DV.dss
102,expl0102_DV.dss
103,expl0103_DV.dss
104,expl0104_DV.dss
105,expl0105_DV.dss
106,expl0106_DV.dss
107,expl0107_DV.dss
108,expl0108_DV.dss
109,expl0109_DV.dss
110,expl0110_DV.dss
111,expl0111_DV.dss
112,expl0112_DV.dss
113,expl0113_DV.dss
114,expl0114_DV.dss
115,expl0115_DV.dss
116,expl0116_DV.dss
117,expl0117_DV.dss
118,expl0118_DV.dss
119,expl0119_DV.dss
120,expl0120_DV.dss
121,expl0121_DV.dss
122,expl0122_DV.dss
123,expl0123_DV.dss
124,expl0124_DV.dss
125,expl0125_DV.dss
126,expl0126_DV.dss
127,expl0127_DV.dss
128,expl0128_DV.dss
129,expl0129_DV.dss
130,expl0130_DV.dss
131,expl0131_DV.dss
132,expl0132_DV.dss
133,expl0133_DV.dss
134,expl0134_DV.dss
135,expl0135_DV.dss
136,expl0136_DV.dss
137,expl0137_DV.dss
138,expl0138_DV.dss
139,expl0139_DV.dss
140,expl0140_DV.dss
141,expl0141_DV.dss
142,expl0142_DV.dss
143,expl0143_DV.dss
144,expl0144_DV.dss
145,expl0145_DV.dss
146,expl0146_DV.dss
147,expl0147_DV.dss
148,expl0148_DV.dss
149,expl0149_DV.dss
150,expl0150_DV.dss
151,expl0151_DV.dss
152,expl0152_DV.dss
153,expl0153_DV.dss
154,expl0154_DV.dss
155,expl0155_DV.dss
156,expl0156_DV.dss
157,expl0157_DV.dss
158,expl0158_DV.dss
159,expl0159_DV.dss
160,expl0160_DV.dss
161,expl0161_DV.dss
162,expl0162_DV.dss
163,expl0163_DV.dss
164,expl0164_DV.dss
165,expl0165_DV.dss
166,expl0166_DV.dss
167,expl0167_DV.dss
168,expl0168_DV.dss
169,expl0169_DV.dss
170,expl0170_DV.dss
171,expl0171_DV.dss
172,expl0172_DV.dss
173,expl0173_DV.dss
174,expl0174_DV.dss
175,expl0175_DV.dss
176,expl0176_DV.dss
177,expl0177_DV.dss
178,expl0178_DV.dss
179,expl0179_DV.dss
180,expl0180_DV.dss
181,expl0181_DV.dss
182,expl0182_DV.dss
183,expl0183_DV.dss
184,expl0184_DV.dss
185,expl0185_DV.dss
186,expl0186_DV.dss
187,expl0187_DV.dss
188,expl0188_DV.dss
189,expl0189_DV.dss
190,expl0190_DV.dss
191,expl0191_DV.dss
192,expl0192_DV.dss
193,expl0193_DV.dss
194,expl0194_DV.dss
195,expl0195_DV.dss
196,expl0196_DV.dss
197,expl0197_DV.dss
198,expl0198_DV.dss
199,expl0199_DV.dss
200,expl0200_DV.dss
201,expl0201_DV.dss
202,expl0202_DV.dss
203,expl0203_DV.dss
204,expl0204_DV.dss
205,expl0205_DV.dss
206,expl0206_DV.dss
207,expl0207_DV.dss
208,expl0208_DV.dss
209,expl0209_DV.dss
210,expl0210_DV.dss
211,expl0211_DV.dss
212,expl0212_DV.dss
213,expl0213_DV.dss
214,expl0214_DV.dss
215,expl0215_DV.dss
216,expl0216_DV.dss
217,expl0217_DV.dss
218,expl0218_DV.dss
219,expl0219_DV.dss
220,expl0220_DV.dss
221,expl0221_DV.dss
222,expl0222_DV.dss
223,expl0223_DV.dss
224,expl0224_DV.dss
225,expl0225_DV.dss
226,expl0226_DV.dss
227,expl0227_DV.dss
228,expl0228_DV.dss
229,expl0229_DV.dss
230,expl0230_DV.dss
231,expl0231_DV.dss
232,expl0232_DV.dss
233,expl0233_DV.dss
234,expl0234_DV.dss
235,expl0235_DV.dss
236,expl0236_DV.dss
237,expl0237_DV.dss
238,expl0238_DV.dss
239,expl0239_DV.dss
240,expl0240_DV.dss
241,expl0241_DV.dss
242,expl0242_DV.dss
243,expl0243_DV.dss
244,expl0244_DV.dss
245,expl0245_DV.dss
246,expl0246_DV.dss
247,expl0247_DV.dss
248,expl0248_DV.dss
249,expl0249_DV.dss
250,expl0250_DV.dss
251,expl0251_DV.dss
252,expl0252_DV.dss
253,expl0253_DV.dss
254,expl0254_DV.dss
255,expl0255_DV.dss
256,expl0256_DV.dss
257,expl0257_DV.dss
258,expl0258_DV.dss
259,expl0259_DV.dss
260,expl0260_DV.dss
261,expl0261_DV.dss
262,expl0262_DV.dss
263,expl0263_DV.dss
264,expl0264_DV.dss
265,expl0265_DV.dss
266,expl0266_DV.dss
267,expl0267_DV.dss
268,expl0268_DV.dss
269,expl0269_DV.dss
270,expl0270_DV.dss
271,expl0271_DV.dss
272,expl0272_DV.dss
273,expl0273_DV.dss
274,expl0274_DV.dss
275,expl0275_DV.dss
276,expl0276_DV.dss
277,expl0277_DV.dss
278,expl0278_DV.dss
279,expl0279_DV.dss
280,expl0280_DV.dss
281,expl0281_DV.dss
282,expl0282_DV.dss
283,expl0283_DV.dss
284,expl0284_DV.dss
285,expl0285_DV.dss
286,expl0286_DV.dss
287,expl0287_DV.dss
288,expl0288_DV.dss
289,expl0289_DV.dss
290,expl0290_DV.dss
291,expl0291_DV.dss
292,expl0292_DV.dss
293,expl0293_DV.dss
294,expl0294_DV.dss
295,expl0295_DV.dss
296,expl0296_DV.dss
297,expl0297_DV.dss
298,expl0298_DV.dss
299,expl0299_DV.dss
300,expl0300_DV.dss
301,expl0301_DV.dss
302,expl0302_DV.dss
303,expl0303_DV.dss
304,expl0304_DV.dss
305,expl0305_DV.dss
306,expl0306_DV.dss
307,expl0307_DV.dss
308,expl0308_DV.dss
309,expl0309_DV.dss
310,expl0310_DV.dss
311,expl0311_DV.dss
312,expl0312_DV.dss
313,expl0313_DV.dss
314,expl0314_DV.dss
315,expl0315_DV.dss
316,expl0316_DV.dss
317,expl0317_DV.dss
318,expl0318_DV.dss
319,expl0319_DV.dss
320,expl0320_DV.dss
321,expl0321_DV.dss
322,expl0322_DV.dss
323,expl0323_DV.dss
324,expl0324_DV.dss
325,expl0325_DV.dss
326,expl0326_DV.dss
327,expl0327_DV.dss
328,expl0328_DV.dss
329,expl0329_DV.dss
330,expl0330_DV.dss
331,expl0331_DV.dss
332,expl0332_DV.dss
333,expl0333_DV.dss
334,expl0334_DV.dss
335,expl0335_DV.dss
336,expl0336_DV.dss
337,expl0337_DV.dss
338,expl0338_DV.dss
339,expl0339_DV.dss
340,expl0340_DV.dss
341,expl0341_DV.dss
342,expl0342_DV.dss
343,expl0343_DV.dss
344,expl0344_DV.dss
345,expl0345_DV.dss
346,expl0346_DV.dss
347,expl0347_DV.dss
348,expl0348_DV.dss
349,expl0349_DV.dss
350,expl0350_DV.dss
351,expl0351_DV.dss
352,expl0352_DV.dss
353,expl0353_DV.dss
354,expl0354_DV.dss
355,expl0355_DV.dss
356,expl0356_DV.dss
357,expl0357_DV.dss
358,expl0358_DV.dss
359,expl0359_DV.dss
360,expl0360_DV.dss
361,expl0361_DV.dss
362,expl0362_DV.dss
363,expl0363_DV.dss
364,expl0364_DV.dss
365,expl0365_DV.dss
366,expl0366_DV.dss
367,expl0367_DV.dss
368,expl0368_DV.dss
369,expl0369_DV.dss
370,expl0370_DV.dss
371,expl0371_DV.dss
372,expl0372_DV.dss
373,expl0373_DV.dss
374,expl0374_DV.dss
375,expl0375_DV.dss
376,expl0376_DV.dss
377,expl0377_DV.dss
378,expl0378_DV.dss
379,expl0379_DV.dss
380,expl0380_DV.dss
381,expl0381_DV.dss
382,expl0382_DV.dss
383,expl0383_DV.dss
