,0
0,expl0000_DV.dss
1,expl0001_DV.dss
2,expl0002_DV.dss
3,expl0003_DV.dss
4,expl0004_DV.dss
5,expl0005_DV.dss
6,expl0006_DV.dss
7,expl0007_DV.dss
8,expl0008_DV.dss
9,expl0009_DV.dss
10,expl0010_DV.dss
11,expl0011_DV.dss
12,expl0012_DV.dss
13,expl0013_DV.dss
14,expl0014_DV.dss
15,expl0015_DV.dss
16,expl0016_DV.dss
17,expl0017_DV.dss
18,expl0018_DV.dss
19,expl0019_DV.dss
20,expl0020_DV.dss
21,expl0021_DV.dss
22,expl0022_DV.dss
23,expl0023_DV.dss
24,expl0024_DV.dss
25,expl0025_DV.dss
26,expl0026_DV.dss
27,expl0027_DV.dss
28,expl0028_DV.dss
29,expl0029_DV.dss
30,expl0030_DV.dss
31,expl0031_DV.dss
32,expl0032_DV.dss
33,expl0033_DV.dss
34,expl0034_DV.dss
35,expl0035_DV.dss
36,expl0036_DV.dss
37,expl0037_DV.dss
38,expl0038_DV.dss
39,expl0039_DV.dss
40,expl0040_DV.dss
41,expl0041_DV.dss
42,expl0042_DV.dss
43,expl0043_DV.dss
44,expl0044_DV.dss
45,expl0045_DV.dss
46,expl0046_DV.dss
47,expl0047_DV.dss
48,expl0048_DV.dss
49,expl0049_DV.dss
50,expl0050_DV.dss
51,expl0051_DV.dss
52,expl0052_DV.dss
53,expl0053_DV.dss
54,expl0054_DV.dss
55,expl0055_DV.dss
56,expl0056_DV.dss
57,expl0057_DV.dss
58,expl0058_DV.dss
59,expl0059_DV.dss
60,expl0060_DV.dss
61,expl0061_DV.dss
62,expl0062_DV.dss
63,expl0063_DV.dss
64,expl0064_DV.dss
65,expl0065_DV.dss
66,expl0066_DV.dss
67,expl0067_DV.dss
68,expl0068_DV.dss
69,expl0069_DV.dss
70,expl0070_DV.dss
71,expl0071_DV.dss
72,expl0072_DV.dss
73,expl0073_DV.dss
74,expl0074_DV.dss
75,expl0075_DV.dss
76,expl0076_DV.dss
77,expl0077_DV.dss
78,expl0078_DV.dss
79,expl0079_DV.dss
80,expl0080_DV.dss
81,expl0081_DV.dss
82,expl0082_DV.dss
83,expl0083_DV.dss
84,expl0084_DV.dss
85,expl0085_DV.dss
86,expl0086_DV.dss
87,expl0087_DV.dss
88,expl0088_DV.dss
89,expl0089_DV.dss
90,expl0090_DV.dss
91,expl0091_DV.dss
92,expl0092_DV.dss
93,expl0093_DV.dss
94,expl0094_DV.dss
95,expl0095_DV.dss
96,expl0096_DV.dss
97,expl0097_DV.dss
98,expl0098_DV.dss
99,expl0099_DV.dss
100,expl0100_DV.dss
101,expl0101_DV.dss
102,expl0102_DV.dss
103,expl0103_DV.dss
104,expl0104_DV.dss
105,expl0105_DV.dss
106,expl0106_DV.dss
107,expl0107_DV.dss
108,expl0108_DV.dss
109,expl0109_DV.dss
110,expl0110_DV.dss
111,expl0111_DV.dss
112,expl0112_DV.dss
113,expl0113_DV.dss
114,expl0114_DV.dss
115,expl0115_DV.dss
116,expl0116_DV.dss
117,expl0117_DV.dss
118,expl0118_DV.dss
119,expl0119_DV.dss
120,expl0120_DV.dss
121,expl0121_DV.dss
122,expl0122_DV.dss
123,expl0123_DV.dss
124,expl0124_DV.dss
125,expl0125_DV.dss
126,expl0126_DV.dss
127,expl0127_DV.dss
128,expl0128_DV.dss
129,expl0129_DV.dss
130,expl0130_DV.dss
131,expl0131_DV.dss
132,expl0132_DV.dss
133,expl0133_DV.dss
134,expl0134_DV.dss
135,expl0135_DV.dss
136,expl0136_DV.dss
137,expl0137_DV.dss
138,expl0138_DV.dss
139,expl0139_DV.dss
140,expl0140_DV.dss
141,expl0141_DV.dss
142,expl0142_DV.dss
143,expl0143_DV.dss
144,expl0144_DV.dss
145,expl0145_DV.dss
146,expl0146_DV.dss
147,expl0147_DV.dss
148,expl0148_DV.dss
149,expl0149_DV.dss
150,expl0150_DV.dss
151,expl0151_DV.dss
152,expl0152_DV.dss
153,expl0153_DV.dss
154,expl0154_DV.dss
155,expl0155_DV.dss
156,expl0156_DV.dss
157,expl0157_DV.dss
158,expl0158_DV.dss
159,expl0159_DV.dss
160,expl0160_DV.dss
161,expl0161_DV.dss
162,expl0162_DV.dss
163,expl0163_DV.dss
164,expl0164_DV.dss
165,expl0165_DV.dss
166,expl0166_DV.dss
167,expl0167_DV.dss
168,expl0168_DV.dss
169,expl0169_DV.dss
170,expl0170_DV.dss
171,expl0171_DV.dss
172,expl0172_DV.dss
173,expl0173_DV.dss
174,expl0174_DV.dss
175,expl0175_DV.dss
176,expl0176_DV.dss
177,expl0177_DV.dss
178,expl0178_DV.dss
179,expl0179_DV.dss
180,expl0180_DV.dss
181,expl0181_DV.dss
182,expl0182_DV.dss
183,expl0183_DV.dss
184,expl0184_DV.dss
185,expl0185_DV.dss
186,expl0186_DV.dss
187,expl0187_DV.dss
188,expl0188_DV.dss
189,expl0189_DV.dss
190,expl0190_DV.dss
191,expl0191_DV.dss
192,expl0192_DV.dss
193,expl0193_DV.dss
194,expl0194_DV.dss
195,expl0195_DV.dss
196,expl0196_DV.dss
197,expl0197_DV.dss
198,expl0198_DV.dss
199,expl0199_DV.dss
200,expl0200_DV.dss
201,expl0201_DV.dss
202,expl0202_DV.dss
203,expl0203_DV.dss
204,expl0204_DV.dss
205,expl0205_DV.dss
206,expl0206_DV.dss
207,expl0207_DV.dss
208,expl0208_DV.dss
209,expl0209_DV.dss
210,expl0210_DV.dss
211,expl0211_DV.dss
212,expl0212_DV.dss
213,expl0213_DV.dss
214,expl0214_DV.dss
215,expl0215_DV.dss
216,expl0216_DV.dss
217,expl0217_DV.dss
218,expl0218_DV.dss
219,expl0219_DV.dss
220,expl0220_DV.dss
221,expl0221_DV.dss
222,expl0222_DV.dss
223,expl0223_DV.dss
224,expl0224_DV.dss
225,expl0225_DV.dss
226,expl0226_DV.dss
227,expl0227_DV.dss
228,expl0228_DV.dss
229,expl0229_DV.dss
230,expl0230_DV.dss
231,expl0231_DV.dss
232,expl0232_DV.dss
233,expl0233_DV.dss
234,expl0234_DV.dss
235,expl0235_DV.dss
236,expl0236_DV.dss
237,expl0237_DV.dss
238,expl0238_DV.dss
239,expl0239_DV.dss
240,expl0240_DV.dss
241,expl0241_DV.dss
242,expl0242_DV.dss
243,expl0243_DV.dss
244,expl0244_DV.dss
245,expl0245_DV.dss
246,expl0246_DV.dss
247,expl0247_DV.dss
248,expl0248_DV.dss
249,expl0249_DV.dss
250,expl0250_DV.dss
251,expl0251_DV.dss
252,expl0252_DV.dss
253,expl0253_DV.dss
254,expl0254_DV.dss
255,expl0255_DV.dss
256,expl0256_DV.dss
257,expl0257_DV.dss
258,expl0258_DV.dss
259,expl0259_DV.dss
260,expl0260_DV.dss
261,expl0261_DV.dss
262,expl0262_DV.dss
263,expl0263_DV.dss
264,expl0264_DV.dss
265,expl0265_DV.dss
266,expl0266_DV.dss
267,expl0267_DV.dss
268,expl0268_DV.dss
269,expl0269_DV.dss
270,expl0270_DV.dss
271,expl0271_DV.dss
272,expl0272_DV.dss
273,expl0273_DV.dss
274,expl0274_DV.dss
275,expl0275_DV.dss
276,expl0276_DV.dss
277,expl0277_DV.dss
278,expl0278_DV.dss
279,expl0279_DV.dss
280,expl0280_DV.dss
281,expl0281_DV.dss
282,expl0282_DV.dss
283,expl0283_DV.dss
284,expl0284_DV.dss
285,expl0285_DV.dss
286,expl0286_DV.dss
287,expl0287_DV.dss
288,expl0288_DV.dss
289,expl0289_DV.dss
290,expl0290_DV.dss
291,expl0291_DV.dss
292,expl0292_DV.dss
293,expl0293_DV.dss
294,expl0294_DV.dss
295,expl0295_DV.dss
296,expl0296_DV.dss
297,expl0297_DV.dss
298,expl0298_DV.dss
299,expl0299_DV.dss
300,expl0300_DV.dss
301,expl0301_DV.dss
302,expl0302_DV.dss
303,expl0303_DV.dss
304,expl0304_DV.dss
305,expl0305_DV.dss
306,expl0306_DV.dss
307,expl0307_DV.dss
308,expl0308_DV.dss
309,expl0309_DV.dss
310,expl0310_DV.dss
311,expl0311_DV.dss
312,expl0312_DV.dss
313,expl0313_DV.dss
314,expl0314_DV.dss
315,expl0315_DV.dss
316,expl0316_DV.dss
317,expl0317_DV.dss
318,expl0318_DV.dss
319,expl0319_DV.dss
320,expl0320_DV.dss
321,expl0321_DV.dss
322,expl0322_DV.dss
323,expl0323_DV.dss
324,expl0324_DV.dss
325,expl0325_DV.dss
326,expl0326_DV.dss
327,expl0327_DV.dss
328,expl0328_DV.dss
329,expl0329_DV.dss
330,expl0330_DV.dss
331,expl0331_DV.dss
332,expl0332_DV.dss
333,expl0333_DV.dss
334,expl0334_DV.dss
335,expl0335_DV.dss
336,expl0336_DV.dss
337,expl0337_DV.dss
338,expl0338_DV.dss
339,expl0339_DV.dss
340,expl0340_DV.dss
341,expl0341_DV.dss
342,expl0342_DV.dss
343,expl0343_DV.dss
344,expl0344_DV.dss
345,expl0345_DV.dss
346,expl0346_DV.dss
347,expl0347_DV.dss
348,expl0348_DV.dss
349,expl0349_DV.dss
350,expl0350_DV.dss
351,expl0351_DV.dss
352,expl0352_DV.dss
353,expl0353_DV.dss
354,expl0354_DV.dss
355,expl0355_DV.dss
356,expl0356_DV.dss
357,expl0357_DV.dss
358,expl0358_DV.dss
359,expl0359_DV.dss
360,expl0360_DV.dss
361,expl0361_DV.dss
362,expl0362_DV.dss
363,expl0363_DV.dss
364,expl0364_DV.dss
365,expl0365_DV.dss
366,expl0366_DV.dss
367,expl0367_DV.dss
368,expl0368_DV.dss
369,expl0369_DV.dss
370,expl0370_DV.dss
371,expl0371_DV.dss
372,expl0372_DV.dss
373,expl0373_DV.dss
374,expl0374_DV.dss
375,expl0375_DV.dss
376,expl0376_DV.dss
377,expl0377_DV.dss
378,expl0378_DV.dss
379,expl0379_DV.dss
380,expl0380_DV.dss
381,expl0381_DV.dss
382,expl0382_DV.dss
383,expl0383_DV.dss
384,expl0384_DV.dss
385,expl0385_DV.dss
386,expl0386_DV.dss
387,expl0387_DV.dss
388,expl0388_DV.dss
389,expl0389_DV.dss
390,expl0390_DV.dss
391,expl0391_DV.dss
392,expl0392_DV.dss
393,expl0393_DV.dss
394,expl0394_DV.dss
395,expl0395_DV.dss
396,expl0396_DV.dss
397,expl0397_DV.dss
398,expl0398_DV.dss
399,expl0399_DV.dss
400,expl0400_DV.dss
401,expl0401_DV.dss
402,expl0402_DV.dss
403,expl0403_DV.dss
404,expl0404_DV.dss
405,expl0405_DV.dss
406,expl0406_DV.dss
407,expl0407_DV.dss
408,expl0408_DV.dss
409,expl0409_DV.dss
410,expl0410_DV.dss
411,expl0411_DV.dss
412,expl0412_DV.dss
413,expl0413_DV.dss
414,expl0414_DV.dss
415,expl0415_DV.dss
416,expl0416_DV.dss
417,expl0417_DV.dss
418,expl0418_DV.dss
419,expl0419_DV.dss
420,expl0420_DV.dss
421,expl0421_DV.dss
422,expl0422_DV.dss
423,expl0423_DV.dss
424,expl0424_DV.dss
425,expl0425_DV.dss
426,expl0426_DV.dss
427,expl0427_DV.dss
428,expl0428_DV.dss
429,expl0429_DV.dss
430,expl0430_DV.dss
431,expl0431_DV.dss
432,expl0432_DV.dss
433,expl0433_DV.dss
434,expl0434_DV.dss
435,expl0435_DV.dss
436,expl0436_DV.dss
437,expl0437_DV.dss
438,expl0438_DV.dss
439,expl0439_DV.dss
440,expl0440_DV.dss
441,expl0441_DV.dss
442,expl0442_DV.dss
443,expl0443_DV.dss
444,expl0444_DV.dss
445,expl0445_DV.dss
446,expl0446_DV.dss
447,expl0447_DV.dss
448,expl0448_DV.dss
449,expl0449_DV.dss
450,expl0450_DV.dss
451,expl0451_DV.dss
452,expl0452_DV.dss
453,expl0453_DV.dss
454,expl0454_DV.dss
455,expl0455_DV.dss
456,expl0456_DV.dss
457,expl0457_DV.dss
458,expl0458_DV.dss
459,expl0459_DV.dss
460,expl0460_DV.dss
461,expl0461_DV.dss
462,expl0462_DV.dss
463,expl0463_DV.dss
464,expl0464_DV.dss
465,expl0465_DV.dss
466,expl0466_DV.dss
467,expl0467_DV.dss
468,expl0468_DV.dss
469,expl0469_DV.dss
470,expl0470_DV.dss
471,expl0471_DV.dss
472,expl0472_DV.dss
473,expl0473_DV.dss
474,expl0474_DV.dss
475,expl0475_DV.dss
476,expl0476_DV.dss
477,expl0477_DV.dss
478,expl0478_DV.dss
479,expl0479_DV.dss
480,expl0480_DV.dss
481,expl0481_DV.dss
482,expl0482_DV.dss
483,expl0483_DV.dss
484,expl0484_DV.dss
485,expl0485_DV.dss
486,expl0486_DV.dss
487,expl0487_DV.dss
488,expl0488_DV.dss
489,expl0489_DV.dss
490,expl0490_DV.dss
491,expl0491_DV.dss
492,expl0492_DV.dss
493,expl0493_DV.dss
494,expl0494_DV.dss
495,expl0495_DV.dss
496,expl0496_DV.dss
497,expl0497_DV.dss
498,expl0498_DV.dss
499,expl0499_DV.dss
500,expl0500_DV.dss
501,expl0501_DV.dss
502,expl0502_DV.dss
503,expl0503_DV.dss
504,expl0504_DV.dss
505,expl0505_DV.dss
506,expl0506_DV.dss
507,expl0507_DV.dss
508,expl0508_DV.dss
509,expl0509_DV.dss
510,expl0510_DV.dss
511,expl0511_DV.dss
512,expl0512_DV.dss
513,expl0513_DV.dss
514,expl0514_DV.dss
515,expl0515_DV.dss
516,expl0516_DV.dss
517,expl0517_DV.dss
518,expl0518_DV.dss
519,expl0519_DV.dss
520,expl0520_DV.dss
521,expl0521_DV.dss
522,expl0522_DV.dss
523,expl0523_DV.dss
524,expl0524_DV.dss
525,expl0525_DV.dss
526,expl0526_DV.dss
527,expl0527_DV.dss
528,expl0528_DV.dss
529,expl0529_DV.dss
530,expl0530_DV.dss
531,expl0531_DV.dss
532,expl0532_DV.dss
533,expl0533_DV.dss
534,expl0534_DV.dss
535,expl0535_DV.dss
536,expl0536_DV.dss
537,expl0537_DV.dss
538,expl0538_DV.dss
539,expl0539_DV.dss
540,expl0540_DV.dss
541,expl0541_DV.dss
542,expl0542_DV.dss
543,expl0543_DV.dss
544,expl0544_DV.dss
545,expl0545_DV.dss
546,expl0546_DV.dss
547,expl0547_DV.dss
548,expl0548_DV.dss
549,expl0549_DV.dss
550,expl0550_DV.dss
551,expl0551_DV.dss
552,expl0552_DV.dss
553,expl0553_DV.dss
554,expl0554_DV.dss
555,expl0555_DV.dss
556,expl0556_DV.dss
557,expl0557_DV.dss
558,expl0558_DV.dss
559,expl0559_DV.dss
560,expl0560_DV.dss
561,expl0561_DV.dss
562,expl0562_DV.dss
563,expl0563_DV.dss
564,expl0564_DV.dss
565,expl0565_DV.dss
566,expl0566_DV.dss
567,expl0567_DV.dss
568,expl0568_DV.dss
569,expl0569_DV.dss
570,expl0570_DV.dss
571,expl0571_DV.dss
572,expl0572_DV.dss
573,expl0573_DV.dss
574,expl0574_DV.dss
575,expl0575_DV.dss
576,expl0576_DV.dss
577,expl0577_DV.dss
578,expl0578_DV.dss
579,expl0579_DV.dss
580,expl0580_DV.dss
581,expl0581_DV.dss
582,expl0582_DV.dss
583,expl0583_DV.dss
584,expl0584_DV.dss
585,expl0585_DV.dss
586,expl0586_DV.dss
587,expl0587_DV.dss
588,expl0588_DV.dss
589,expl0589_DV.dss
590,expl0590_DV.dss
591,expl0591_DV.dss
592,expl0592_DV.dss
593,expl0593_DV.dss
594,expl0594_DV.dss
595,expl0595_DV.dss
596,expl0596_DV.dss
597,expl0597_DV.dss
598,expl0598_DV.dss
599,expl0599_DV.dss
